date,weekday,high_f,low_f,precip_in,cloud_pct,sunrise,sunset,conditions
2015-01-01,Thu,47,27,0.0,25,7:22 AM,5:05 PM,Overcast
2015-01-02,Fri,52,39,0.0,98,7:22 AM,5:06 PM,Overcast
2015-01-03,Sat,54,42,0.19,100,7:22 AM,5:07 PM,Light rain
2015-01-04,Sun,69,56,0.15,98,7:22 AM,5:08 PM,Light rain
2015-01-05,Mon,53,36,0.0,23,7:22 AM,5:09 PM,Partly cloudy
2015-01-06,Tue,50,31,0.0,63,7:22 AM,5:09 PM,Overcast
2015-01-07,Wed,37,22,0.0,67,7:22 AM,5:10 PM,Overcast
2015-01-08,Thu,26,18,0.0,21,7:22 AM,5:11 PM,Overcast
2015-01-09,Fri,42,23,0.0,21,7:22 AM,5:12 PM,Overcast
2015-01-10,Sat,36,26,0.0,0,7:22 AM,5:13 PM,Clear
2015-01-11,Sun,44,22,0.0,50,7:22 AM,5:14 PM,Overcast
2015-01-12,Mon,52,36,1.16,100,7:22 AM,5:15 PM,Rain
2015-01-13,Tue,45,32,0.04,100,7:22 AM,5:16 PM,Light drizzle
2015-01-14,Wed,32,28,0.26,100,7:21 AM,5:17 PM,Light rain
2015-01-15,Thu,43,28,0.0,75,7:21 AM,5:18 PM,Overcast
2015-01-16,Fri,50,32,0.0,15,7:21 AM,5:19 PM,Overcast
2015-01-17,Sat,46,28,0.0,11,7:20 AM,5:20 PM,Overcast
2015-01-18,Sun,55,38,0.7,58,7:20 AM,5:21 PM,Rain
2015-01-19,Mon,55,37,0.0,2,7:20 AM,5:22 PM,Clear
2015-01-20,Tue,61,36,0.0,67,7:19 AM,5:23 PM,Overcast
2015-01-21,Wed,50,36,0.04,67,7:19 AM,5:24 PM,Light drizzle
2015-01-22,Thu,53,29,0.0,43,7:18 AM,5:25 PM,Overcast
2015-01-23,Fri,41,32,0.37,94,7:18 AM,5:26 PM,Light rain
2015-01-24,Sat,47,36,0.37,70,7:17 AM,5:27 PM,Light rain
2015-01-25,Sun,52,33,0.0,24,7:17 AM,5:28 PM,Overcast
2015-01-26,Mon,52,36,0.12,80,7:16 AM,5:29 PM,Drizzle
2015-01-27,Tue,40,32,0.0,83,7:15 AM,5:30 PM,Overcast
2015-01-28,Wed,41,28,0.0,2,7:15 AM,5:31 PM,Mostly clear
2015-01-29,Thu,43,25,0.0,57,7:14 AM,5:33 PM,Overcast
2015-01-30,Fri,46,31,0.02,43,7:13 AM,5:34 PM,Light drizzle
2015-01-31,Sat,41,26,0.0,17,7:12 AM,5:35 PM,Overcast
2015-02-01,Sun,50,29,0.0,88,7:12 AM,5:36 PM,Overcast
2015-02-02,Mon,56,32,0.45,62,7:11 AM,5:37 PM,Rain
2015-02-03,Tue,41,26,0.0,4,7:10 AM,5:38 PM,Partly cloudy
2015-02-04,Wed,51,28,0.0,77,7:09 AM,5:39 PM,Overcast
2015-02-05,Thu,42,28,0.0,54,7:08 AM,5:40 PM,Overcast
2015-02-06,Fri,40,23,0.0,39,7:07 AM,5:41 PM,Overcast
2015-02-07,Sat,53,29,0.0,50,7:06 AM,5:42 PM,Overcast
2015-02-08,Sun,64,42,0.0,26,7:05 AM,5:43 PM,Overcast
2015-02-09,Mon,62,45,0.06,95,7:04 AM,5:44 PM,Drizzle
2015-02-10,Tue,43,33,0.63,88,7:03 AM,5:45 PM,Snow
2015-02-11,Wed,47,30,0.0,8,7:02 AM,5:46 PM,Mostly clear
2015-02-12,Thu,49,33,0.0,27,7:01 AM,5:47 PM,Overcast
2015-02-13,Fri,33,25,0.0,50,7:00 AM,5:48 PM,Overcast
2015-02-14,Sat,46,24,0.03,34,6:59 AM,5:49 PM,Light drizzle
2015-02-15,Sun,28,17,0.0,0,6:58 AM,5:50 PM,Partly cloudy
2015-02-16,Mon,24,17,0.24,75,6:57 AM,5:51 PM,Heavy snow
2015-02-17,Tue,32,20,0.6,96,6:56 AM,5:52 PM,Heavy snow
2015-02-18,Wed,38,17,0.03,53,6:55 AM,5:53 PM,Light snow
2015-02-19,Thu,21,10,0.0,31,6:53 AM,5:55 PM,Overcast
2015-02-20,Fri,20,1,0.0,3,6:52 AM,5:56 PM,Mostly clear
2015-02-21,Sat,46,4,0.01,76,6:51 AM,5:57 PM,Light snow
2015-02-22,Sun,54,39,0.18,99,6:50 AM,5:58 PM,Drizzle
2015-02-23,Mon,40,28,0.11,88,6:48 AM,5:59 PM,Snow
2015-02-24,Tue,30,24,0.07,76,6:47 AM,5:59 PM,Snow
2015-02-25,Wed,45,25,0.01,53,6:46 AM,6:00 PM,Snow
2015-02-26,Thu,36,28,1.09,86,6:45 AM,6:01 PM,Heavy snow
2015-02-27,Fri,42,12,0.0,14,6:43 AM,6:02 PM,Partly cloudy
2015-02-28,Sat,36,20,0.0,58,6:42 AM,6:03 PM,Overcast
2015-03-01,Sun,35,19,0.23,85,6:41 AM,6:04 PM,Light rain
2015-03-02,Mon,56,34,0.0,85,6:39 AM,6:05 PM,Overcast
2015-03-03,Tue,41,25,0.0,88,6:38 AM,6:06 PM,Overcast
2015-03-04,Wed,70,42,0.13,88,6:37 AM,6:07 PM,Light rain
2015-03-05,Thu,62,28,0.9,100,6:35 AM,6:08 PM,Snow
2015-03-06,Fri,35,22,0.0,17,6:34 AM,6:09 PM,Light snow
2015-03-07,Sat,52,24,0.0,0,6:33 AM,6:10 PM,Clear
2015-03-08,Sun,65,37,0.0,6,7:31 AM,7:11 PM,Partly cloudy
2015-03-09,Mon,66,46,0.0,88,7:30 AM,7:12 PM,Overcast
2015-03-10,Tue,71,47,0.0,96,7:28 AM,7:13 PM,Overcast
2015-03-11,Wed,71,58,0.26,87,7:27 AM,7:14 PM,Heavy drizzle
2015-03-12,Thu,60,44,0.0,59,7:25 AM,7:14 PM,Overcast
2015-03-13,Fri,57,36,0.09,92,7:24 AM,7:15 PM,Heavy drizzle
2015-03-14,Sat,62,48,0.51,99,7:22 AM,7:16 PM,Rain
2015-03-15,Sun,67,48,0.0,18,7:21 AM,7:17 PM,Partly cloudy
2015-03-16,Mon,72,41,0.0,76,7:20 AM,7:18 PM,Overcast
2015-03-17,Tue,77,53,0.0,57,7:18 AM,7:19 PM,Overcast
2015-03-18,Wed,55,38,0.0,24,7:17 AM,7:20 PM,Overcast
2015-03-19,Thu,52,39,0.04,94,7:15 AM,7:21 PM,Drizzle
2015-03-20,Fri,50,39,0.52,100,7:14 AM,7:22 PM,Light rain
2015-03-21,Sat,62,39,0.0,95,7:12 AM,7:22 PM,Overcast
2015-03-22,Sun,60,47,0.0,98,7:11 AM,7:23 PM,Overcast
2015-03-23,Mon,51,41,0.0,74,7:09 AM,7:24 PM,Overcast
2015-03-24,Tue,60,35,0.0,37,7:08 AM,7:25 PM,Overcast
2015-03-25,Wed,65,40,0.02,72,7:07 AM,7:26 PM,Light drizzle
2015-03-26,Thu,72,57,0.78,92,7:05 AM,7:27 PM,Rain
2015-03-27,Fri,64,41,0.23,99,7:04 AM,7:28 PM,Drizzle
2015-03-28,Sat,45,36,0.02,54,7:02 AM,7:28 PM,Light drizzle
2015-03-29,Sun,47,26,0.0,20,7:01 AM,7:29 PM,Overcast
2015-03-30,Mon,63,39,0.04,55,6:59 AM,7:30 PM,Drizzle
2015-03-31,Tue,68,38,0.0,7,6:58 AM,7:31 PM,Mostly clear
2015-04-01,Wed,59,43,0.0,3,6:56 AM,7:32 PM,Mostly clear
2015-04-02,Thu,68,39,0.0,44,6:55 AM,7:33 PM,Overcast
2015-04-03,Fri,79,57,0.0,83,6:53 AM,7:34 PM,Overcast
2015-04-04,Sat,69,48,0.09,57,6:52 AM,7:34 PM,Heavy drizzle
2015-04-05,Sun,63,38,0.0,34,6:50 AM,7:35 PM,Overcast
2015-04-06,Mon,71,49,0.0,87,6:49 AM,7:36 PM,Overcast
2015-04-07,Tue,71,57,0.09,97,6:48 AM,7:37 PM,Drizzle
2015-04-08,Wed,75,60,0.15,88,6:46 AM,7:38 PM,Heavy drizzle
2015-04-09,Thu,67,54,0.0,100,6:45 AM,7:39 PM,Overcast
2015-04-10,Fri,80,59,0.14,97,6:43 AM,7:40 PM,Light rain
2015-04-11,Sat,72,58,0.0,60,6:42 AM,7:40 PM,Overcast
2015-04-12,Sun,69,48,0.0,38,6:41 AM,7:41 PM,Overcast
2015-04-13,Mon,75,49,0.0,54,6:39 AM,7:42 PM,Overcast
2015-04-14,Tue,73,59,0.63,99,6:38 AM,7:43 PM,Rain
2015-04-15,Wed,62,54,0.0,100,6:37 AM,7:44 PM,Light drizzle
2015-04-16,Thu,68,51,0.07,83,6:35 AM,7:45 PM,Drizzle
2015-04-17,Fri,74,58,0.0,96,6:34 AM,7:46 PM,Overcast
2015-04-18,Sat,78,58,0.01,71,6:33 AM,7:46 PM,Light drizzle
2015-04-19,Sun,68,60,0.83,100,6:31 AM,7:47 PM,Rain
2015-04-20,Mon,79,65,0.61,88,6:30 AM,7:48 PM,Rain
2015-04-21,Tue,69,58,0.06,37,6:29 AM,7:49 PM,Heavy drizzle
2015-04-22,Wed,74,48,0.01,8,6:27 AM,7:50 PM,Light drizzle
2015-04-23,Thu,63,50,0.0,18,6:26 AM,7:51 PM,Overcast
2015-04-24,Fri,62,43,0.0,33,6:25 AM,7:52 PM,Overcast
2015-04-25,Sat,56,45,0.21,95,6:24 AM,7:53 PM,Heavy drizzle
2015-04-26,Sun,54,45,0.08,88,6:22 AM,7:53 PM,Drizzle
2015-04-27,Mon,64,40,0.0,24,6:21 AM,7:54 PM,Overcast
2015-04-28,Tue,65,44,0.0,39,6:20 AM,7:55 PM,Overcast
2015-04-29,Wed,70,46,0.0,74,6:19 AM,7:56 PM,Overcast
2015-04-30,Thu,67,51,0.0,69,6:18 AM,7:57 PM,Overcast
2015-05-01,Fri,56,49,0.39,92,6:17 AM,7:58 PM,Rain
2015-05-02,Sat,68,44,0.0,42,6:16 AM,7:59 PM,Light drizzle
2015-05-03,Sun,76,51,0.0,48,6:15 AM,7:59 PM,Overcast
2015-05-04,Mon,78,54,0.0,10,6:14 AM,8:00 PM,Mostly clear
2015-05-05,Tue,80,60,0.0,11,6:13 AM,8:01 PM,Mostly clear
2015-05-06,Wed,80,58,0.0,76,6:12 AM,8:02 PM,Overcast
2015-05-07,Thu,78,57,0.0,68,6:11 AM,8:03 PM,Overcast
2015-05-08,Fri,79,58,0.01,55,6:10 AM,8:04 PM,Light drizzle
2015-05-09,Sat,80,62,0.05,66,6:09 AM,8:05 PM,Drizzle
2015-05-10,Sun,78,67,0.61,97,6:08 AM,8:05 PM,Rain
2015-05-11,Mon,81,67,0.59,80,6:07 AM,8:06 PM,Rain
2015-05-12,Tue,86,70,0.03,63,6:06 AM,8:07 PM,Drizzle
2015-05-13,Wed,76,63,0.0,42,6:05 AM,8:08 PM,Overcast
2015-05-14,Thu,68,52,0.0,82,6:04 AM,8:09 PM,Overcast
2015-05-15,Fri,73,52,0.0,89,6:03 AM,8:10 PM,Overcast
2015-05-16,Sat,81,60,0.0,64,6:03 AM,8:11 PM,Overcast
2015-05-17,Sun,84,65,0.0,82,6:02 AM,8:11 PM,Overcast
2015-05-18,Mon,87,69,0.11,58,6:01 AM,8:12 PM,Light rain
2015-05-19,Tue,86,69,0.04,74,6:00 AM,8:13 PM,Drizzle
2015-05-20,Wed,82,68,0.0,33,6:00 AM,8:14 PM,Overcast
2015-05-21,Thu,74,56,0.37,88,5:59 AM,8:14 PM,Rain
2015-05-22,Fri,72,54,0.0,16,5:58 AM,8:15 PM,Overcast
2015-05-23,Sat,75,54,0.0,24,5:58 AM,8:16 PM,Overcast
2015-05-24,Sun,78,55,0.0,84,5:57 AM,8:17 PM,Overcast
2015-05-25,Mon,80,61,0.0,71,5:57 AM,8:17 PM,Overcast
2015-05-26,Tue,82,63,0.0,55,5:56 AM,8:18 PM,Overcast
2015-05-27,Wed,84,71,0.0,84,5:56 AM,8:19 PM,Light drizzle
2015-05-28,Thu,84,68,0.01,76,5:55 AM,8:20 PM,Light drizzle
2015-05-29,Fri,84,68,0.02,37,5:55 AM,8:20 PM,Light drizzle
2015-05-30,Sat,82,66,0.0,55,5:54 AM,8:21 PM,Light drizzle
2015-05-31,Sun,85,67,0.0,32,5:54 AM,8:22 PM,Partly cloudy
2015-06-01,Mon,87,70,0.11,49,5:54 AM,8:22 PM,Drizzle
2015-06-02,Tue,78,66,1.2,89,5:53 AM,8:23 PM,Rain
2015-06-03,Wed,65,62,0.48,100,5:53 AM,8:24 PM,Light rain
2015-06-04,Thu,70,62,0.79,100,5:53 AM,8:24 PM,Rain
2015-06-05,Fri,72,62,0.0,88,5:52 AM,8:25 PM,Light drizzle
2015-06-06,Sat,81,59,0.22,24,5:52 AM,8:25 PM,Rain
2015-06-07,Sun,79,61,0.0,46,5:52 AM,8:26 PM,Overcast
2015-06-08,Mon,84,62,0.0,67,5:52 AM,8:26 PM,Light drizzle
2015-06-09,Tue,83,70,0.15,95,5:52 AM,8:27 PM,Light rain
2015-06-10,Wed,85,68,0.0,54,5:52 AM,8:27 PM,Overcast
2015-06-11,Thu,87,70,0.0,26,5:52 AM,8:28 PM,Light drizzle
2015-06-12,Fri,87,73,0.09,40,5:52 AM,8:28 PM,Heavy drizzle
2015-06-13,Sat,92,74,0.07,37,5:52 AM,8:29 PM,Heavy drizzle
2015-06-14,Sun,90,73,0.0,32,5:52 AM,8:29 PM,Overcast
2015-06-15,Mon,94,74,0.0,18,5:52 AM,8:30 PM,Mostly clear
2015-06-16,Tue,96,76,0.0,15,5:52 AM,8:30 PM,Mostly clear
2015-06-17,Wed,87,75,0.03,50,5:52 AM,8:30 PM,Drizzle
2015-06-18,Thu,93,75,0.04,60,5:52 AM,8:31 PM,Drizzle
2015-06-19,Fri,92,76,0.0,76,5:52 AM,8:31 PM,Overcast
2015-06-20,Sat,92,75,0.27,89,5:52 AM,8:31 PM,Rain
2015-06-21,Sun,94,77,0.04,16,5:53 AM,8:31 PM,Light drizzle
2015-06-22,Mon,92,76,0.0,47,5:53 AM,8:32 PM,Overcast
2015-06-23,Tue,95,77,0.08,45,5:53 AM,8:32 PM,Light rain
2015-06-24,Wed,88,77,0.0,81,5:53 AM,8:32 PM,Overcast
2015-06-25,Thu,87,71,0.06,80,5:54 AM,8:32 PM,Light rain
2015-06-26,Fri,85,73,0.03,81,5:54 AM,8:32 PM,Light drizzle
2015-06-27,Sat,83,69,0.78,91,5:54 AM,8:32 PM,Rain
2015-06-28,Sun,82,70,0.01,42,5:55 AM,8:32 PM,Light drizzle
2015-06-29,Mon,83,63,0.0,25,5:55 AM,8:32 PM,Partly cloudy
2015-06-30,Tue,89,70,0.01,45,5:55 AM,8:32 PM,Light drizzle
2015-07-01,Wed,86,70,0.0,68,5:56 AM,8:32 PM,Overcast
2015-07-02,Thu,86,72,0.25,91,5:56 AM,8:32 PM,Rain
2015-07-03,Fri,83,69,0.44,97,5:57 AM,8:32 PM,Rain
2015-07-04,Sat,86,72,0.04,72,5:57 AM,8:32 PM,Light drizzle
2015-07-05,Sun,86,71,0.5,89,5:58 AM,8:32 PM,Rain
2015-07-06,Mon,86,73,0.19,61,5:58 AM,8:31 PM,Rain
2015-07-07,Tue,88,72,0.01,19,5:59 AM,8:31 PM,Light drizzle
2015-07-08,Wed,87,75,0.0,96,5:59 AM,8:31 PM,Overcast
2015-07-09,Thu,93,75,0.0,77,6:00 AM,8:31 PM,Overcast
2015-07-10,Fri,90,76,0.0,19,6:01 AM,8:30 PM,Partly cloudy
2015-07-11,Sat,82,71,0.74,55,6:01 AM,8:30 PM,Heavy rain
2015-07-12,Sun,82,70,0.0,86,6:02 AM,8:30 PM,Overcast
2015-07-13,Mon,80,71,0.2,88,6:03 AM,8:29 PM,Light rain
2015-07-14,Tue,88,72,0.03,77,6:03 AM,8:29 PM,Drizzle
2015-07-15,Wed,84,75,0.0,36,6:04 AM,8:28 PM,Overcast
2015-07-16,Thu,82,71,0.0,56,6:05 AM,8:28 PM,Overcast
2015-07-17,Fri,86,66,0.0,38,6:05 AM,8:27 PM,Overcast
2015-07-18,Sat,90,72,0.4,75,6:06 AM,8:27 PM,Rain
2015-07-19,Sun,91,74,0.06,62,6:07 AM,8:26 PM,Light rain
2015-07-20,Mon,92,76,0.0,73,6:07 AM,8:26 PM,Overcast
2015-07-21,Tue,92,77,0.12,72,6:08 AM,8:25 PM,Rain
2015-07-22,Wed,86,74,0.0,42,6:09 AM,8:24 PM,Overcast
2015-07-23,Thu,81,71,0.25,81,6:09 AM,8:24 PM,Light rain
2015-07-24,Fri,84,70,0.0,43,6:10 AM,8:23 PM,Overcast
2015-07-25,Sat,84,65,0.0,40,6:11 AM,8:22 PM,Overcast
2015-07-26,Sun,87,67,0.0,50,6:12 AM,8:21 PM,Overcast
2015-07-27,Mon,85,72,0.07,71,6:13 AM,8:21 PM,Light rain
2015-07-28,Tue,87,73,0.02,55,6:13 AM,8:20 PM,Light drizzle
2015-07-29,Wed,88,73,0.0,60,6:14 AM,8:19 PM,Overcast
2015-07-30,Thu,91,73,0.0,84,6:15 AM,8:18 PM,Overcast
2015-07-31,Fri,90,76,0.0,35,6:16 AM,8:17 PM,Overcast
2015-08-01,Sat,92,70,0.0,3,6:17 AM,8:16 PM,Clear
2015-08-02,Sun,89,71,0.0,35,6:17 AM,8:15 PM,Overcast
2015-08-03,Mon,90,72,0.01,25,6:18 AM,8:14 PM,Light drizzle
2015-08-04,Tue,90,75,0.02,29,6:19 AM,8:13 PM,Light drizzle
2015-08-05,Wed,95,75,0.09,49,6:20 AM,8:12 PM,Heavy drizzle
2015-08-06,Thu,92,74,0.86,77,6:21 AM,8:11 PM,Heavy rain
2015-08-07,Fri,77,72,0.65,96,6:21 AM,8:10 PM,Rain
2015-08-08,Sat,80,70,0.0,63,6:22 AM,8:09 PM,Light drizzle
2015-08-09,Sun,84,66,0.0,40,6:23 AM,8:08 PM,Overcast
2015-08-10,Mon,79,70,0.0,87,6:24 AM,8:07 PM,Overcast
2015-08-11,Tue,84,72,0.33,73,6:25 AM,8:06 PM,Light rain
2015-08-12,Wed,84,70,0.0,8,6:25 AM,8:05 PM,Mostly clear
2015-08-13,Thu,83,65,0.0,41,6:26 AM,8:04 PM,Overcast
2015-08-14,Fri,84,66,0.0,28,6:27 AM,8:03 PM,Partly cloudy
2015-08-15,Sat,86,66,0.0,44,6:28 AM,8:01 PM,Overcast
2015-08-16,Sun,88,67,0.0,44,6:29 AM,8:00 PM,Overcast
2015-08-17,Mon,89,69,0.0,44,6:29 AM,7:59 PM,Light drizzle
2015-08-18,Tue,81,74,0.18,96,6:30 AM,7:58 PM,Light rain
2015-08-19,Wed,83,71,0.42,66,6:31 AM,7:56 PM,Light rain
2015-08-20,Thu,87,74,0.2,80,6:32 AM,7:55 PM,Light rain
2015-08-21,Fri,85,74,0.0,54,6:33 AM,7:54 PM,Overcast
2015-08-22,Sat,84,67,0.0,56,6:34 AM,7:53 PM,Overcast
2015-08-23,Sun,84,62,0.0,49,6:34 AM,7:51 PM,Overcast
2015-08-24,Mon,88,69,0.0,35,6:35 AM,7:50 PM,Partly cloudy
2015-08-25,Tue,85,73,0.0,55,6:36 AM,7:49 PM,Overcast
2015-08-26,Wed,81,70,0.02,71,6:37 AM,7:47 PM,Light drizzle
2015-08-27,Thu,80,67,0.0,82,6:38 AM,7:46 PM,Overcast
2015-08-28,Fri,82,63,0.0,28,6:38 AM,7:45 PM,Partly cloudy
2015-08-29,Sat,84,63,0.0,75,6:39 AM,7:43 PM,Overcast
2015-08-30,Sun,86,66,0.0,93,6:40 AM,7:42 PM,Overcast
2015-08-31,Mon,75,70,0.41,92,6:41 AM,7:40 PM,Rain
2015-09-01,Tue,86,68,0.0,64,6:41 AM,7:39 PM,Overcast
2015-09-02,Wed,91,71,0.01,60,6:42 AM,7:37 PM,Light drizzle
2015-09-03,Thu,90,71,0.0,44,6:43 AM,7:36 PM,Light drizzle
2015-09-04,Fri,90,71,0.01,61,6:44 AM,7:35 PM,Light drizzle
2015-09-05,Sat,82,71,0.01,46,6:45 AM,7:33 PM,Light drizzle
2015-09-06,Sun,77,68,0.21,88,6:45 AM,7:32 PM,Heavy drizzle
2015-09-07,Mon,85,68,0.02,87,6:46 AM,7:30 PM,Light drizzle
2015-09-08,Tue,85,70,0.0,61,6:47 AM,7:29 PM,Overcast
2015-09-09,Wed,88,73,0.0,50,6:48 AM,7:27 PM,Light drizzle
2015-09-10,Thu,85,73,0.59,94,6:49 AM,7:26 PM,Rain
2015-09-11,Fri,83,68,0.0,55,6:49 AM,7:24 PM,Overcast
2015-09-12,Sat,80,69,0.18,85,6:50 AM,7:23 PM,Heavy drizzle
2015-09-13,Sun,75,64,0.0,53,6:51 AM,7:21 PM,Overcast
2015-09-14,Mon,75,55,0.0,0,6:52 AM,7:20 PM,Clear
2015-09-15,Tue,80,56,0.0,5,6:52 AM,7:18 PM,Mostly clear
2015-09-16,Wed,80,57,0.0,76,6:53 AM,7:17 PM,Overcast
2015-09-17,Thu,82,61,0.0,54,6:54 AM,7:15 PM,Overcast
2015-09-18,Fri,84,59,0.0,1,6:55 AM,7:14 PM,Clear
2015-09-19,Sat,85,64,0.0,32,6:56 AM,7:12 PM,Overcast
2015-09-20,Sun,84,65,0.0,68,6:56 AM,7:11 PM,Overcast
2015-09-21,Mon,77,69,0.0,98,6:57 AM,7:09 PM,Light drizzle
2015-09-22,Tue,77,66,0.01,92,6:58 AM,7:08 PM,Light drizzle
2015-09-23,Wed,78,67,0.0,99,6:59 AM,7:06 PM,Overcast
2015-09-24,Thu,79,64,0.01,99,7:00 AM,7:05 PM,Light drizzle
2015-09-25,Fri,69,65,2.11,100,7:00 AM,7:03 PM,Rain
2015-09-26,Sat,69,65,1.81,99,7:01 AM,7:02 PM,Rain
2015-09-27,Sun,76,66,0.11,94,7:02 AM,7:00 PM,Drizzle
2015-09-28,Mon,79,69,0.48,100,7:03 AM,6:59 PM,Rain
2015-09-29,Tue,79,71,0.61,99,7:04 AM,6:57 PM,Rain
2015-09-30,Wed,81,70,0.26,91,7:04 AM,6:56 PM,Light rain
2015-10-01,Thu,68,59,0.19,100,7:05 AM,6:54 PM,Heavy drizzle
2015-10-02,Fri,59,57,2.39,100,7:06 AM,6:53 PM,Heavy rain
2015-10-03,Sat,76,57,0.24,98,7:07 AM,6:51 PM,Drizzle
2015-10-04,Sun,68,64,0.24,100,7:08 AM,6:50 PM,Drizzle
2015-10-05,Mon,66,59,0.08,94,7:09 AM,6:48 PM,Drizzle
2015-10-06,Tue,71,55,0.0,40,7:09 AM,6:47 PM,Overcast
2015-10-07,Wed,77,55,0.0,58,7:10 AM,6:46 PM,Overcast
2015-10-08,Thu,77,59,0.0,49,7:11 AM,6:44 PM,Light drizzle
2015-10-09,Fri,79,62,0.0,46,7:12 AM,6:43 PM,Overcast
2015-10-10,Sat,69,58,0.11,98,7:13 AM,6:41 PM,Light drizzle
2015-10-11,Sun,70,53,0.0,14,7:14 AM,6:40 PM,Overcast
2015-10-12,Mon,74,54,0.0,10,7:15 AM,6:39 PM,Mostly clear
2015-10-13,Tue,75,61,0.0,28,7:16 AM,6:37 PM,Overcast
2015-10-14,Wed,72,58,0.0,14,7:16 AM,6:36 PM,Partly cloudy
2015-10-15,Thu,69,51,0.0,1,7:17 AM,6:35 PM,Clear
2015-10-16,Fri,66,53,0.01,36,7:18 AM,6:33 PM,Light drizzle
2015-10-17,Sat,65,46,0.0,17,7:19 AM,6:32 PM,Partly cloudy
2015-10-18,Sun,55,41,0.0,0,7:20 AM,6:31 PM,Clear
2015-10-19,Mon,56,39,0.0,0,7:21 AM,6:29 PM,Clear
2015-10-20,Tue,66,40,0.0,14,7:22 AM,6:28 PM,Overcast
2015-10-21,Wed,71,44,0.0,10,7:23 AM,6:27 PM,Partly cloudy
2015-10-22,Thu,74,48,0.0,10,7:24 AM,6:25 PM,Partly cloudy
2015-10-23,Fri,74,54,0.0,14,7:25 AM,6:24 PM,Overcast
2015-10-24,Sat,66,52,0.0,62,7:26 AM,6:23 PM,Overcast
2015-10-25,Sun,72,55,0.0,93,7:27 AM,6:22 PM,Overcast
2015-10-26,Mon,61,54,0.0,100,7:28 AM,6:21 PM,Overcast
2015-10-27,Tue,61,53,0.4,100,7:28 AM,6:20 PM,Rain
2015-10-28,Wed,72,59,0.27,96,7:29 AM,6:18 PM,Light rain
2015-10-29,Thu,74,65,0.04,86,7:30 AM,6:17 PM,Drizzle
2015-10-30,Fri,64,52,0.0,6,7:31 AM,6:16 PM,Partly cloudy
2015-10-31,Sat,61,44,0.0,47,7:32 AM,6:15 PM,Overcast
2015-11-01,Sun,62,55,0.2,97,6:33 AM,5:14 PM,Drizzle
2015-11-02,Mon,61,59,1.33,98,6:34 AM,5:13 PM,Rain
2015-11-03,Tue,67,56,0.02,78,6:35 AM,5:12 PM,Light drizzle
2015-11-04,Wed,66,56,0.1,92,6:36 AM,5:11 PM,Drizzle
2015-11-05,Thu,70,62,0.01,74,6:37 AM,5:10 PM,Light drizzle
2015-11-06,Fri,76,60,0.0,79,6:38 AM,5:09 PM,Overcast
2015-11-07,Sat,74,58,0.28,94,6:39 AM,5:08 PM,Rain
2015-11-08,Sun,58,51,0.0,98,6:40 AM,5:07 PM,Overcast
2015-11-09,Mon,63,49,1.15,100,6:41 AM,5:07 PM,Rain
2015-11-10,Tue,63,56,0.3,78,6:43 AM,5:06 PM,Rain
2015-11-11,Wed,66,50,0.0,15,6:44 AM,5:05 PM,Partly cloudy
2015-11-12,Thu,72,49,0.0,27,6:45 AM,5:04 PM,Overcast
2015-11-13,Fri,62,51,0.0,12,6:46 AM,5:03 PM,Mostly clear
2015-11-14,Sat,56,43,0.0,0,6:47 AM,5:03 PM,Clear
2015-11-15,Sun,60,38,0.0,29,6:48 AM,5:02 PM,Overcast
2015-11-16,Mon,64,39,0.0,44,6:49 AM,5:01 PM,Overcast
2015-11-17,Tue,65,44,0.0,78,6:50 AM,5:01 PM,Overcast
2015-11-18,Wed,69,52,0.03,74,6:51 AM,5:00 PM,Light drizzle
2015-11-19,Thu,68,63,0.76,91,6:52 AM,4:59 PM,Rain
2015-11-20,Fri,62,46,0.0,16,6:53 AM,4:59 PM,Overcast
2015-11-21,Sat,58,40,0.0,50,6:54 AM,4:58 PM,Overcast
2015-11-22,Sun,51,40,0.07,68,6:55 AM,4:58 PM,Drizzle
2015-11-23,Mon,44,34,0.0,0,6:56 AM,4:58 PM,Clear
2015-11-24,Tue,54,31,0.0,23,6:57 AM,4:57 PM,Overcast
2015-11-25,Wed,57,35,0.0,25,6:58 AM,4:57 PM,Overcast
2015-11-26,Thu,67,42,0.0,5,6:59 AM,4:56 PM,Mostly clear
2015-11-27,Fri,68,45,0.0,30,7:00 AM,4:56 PM,Overcast
2015-11-28,Sat,69,47,0.0,96,7:01 AM,4:56 PM,Overcast
2015-11-29,Sun,66,53,0.02,83,7:02 AM,4:55 PM,Light drizzle
2015-11-30,Mon,52,46,0.51,100,7:02 AM,4:55 PM,Heavy drizzle
2015-12-01,Tue,55,45,0.36,100,7:03 AM,4:55 PM,Light rain
2015-12-02,Wed,64,53,0.13,100,7:04 AM,4:55 PM,Drizzle
2015-12-03,Thu,61,43,0.02,85,7:05 AM,4:55 PM,Light drizzle
2015-12-04,Fri,52,37,0.0,24,7:06 AM,4:55 PM,Overcast
2015-12-05,Sat,54,34,0.0,0,7:07 AM,4:55 PM,Clear
2015-12-06,Sun,56,35,0.0,37,7:08 AM,4:55 PM,Overcast
2015-12-07,Mon,52,40,0.11,81,7:08 AM,4:55 PM,Drizzle
2015-12-08,Tue,56,39,0.0,46,7:09 AM,4:55 PM,Overcast
2015-12-09,Wed,60,42,0.0,78,7:10 AM,4:55 PM,Overcast
2015-12-10,Thu,64,45,0.03,33,7:11 AM,4:55 PM,Light drizzle
2015-12-11,Fri,68,52,0.0,60,7:12 AM,4:55 PM,Overcast
2015-12-12,Sat,72,54,0.0,60,7:12 AM,4:55 PM,Overcast
2015-12-13,Sun,71,54,0.0,84,7:13 AM,4:55 PM,Overcast
2015-12-14,Mon,72,60,0.16,96,7:14 AM,4:56 PM,Light rain
2015-12-15,Tue,69,53,0.0,7,7:15 AM,4:56 PM,Partly cloudy
2015-12-16,Wed,60,45,0.0,6,7:15 AM,4:56 PM,Mostly clear
2015-12-17,Thu,62,50,0.75,98,7:16 AM,4:57 PM,Rain
2015-12-18,Fri,56,40,0.26,68,7:16 AM,4:57 PM,Light rain
2015-12-19,Sat,45,33,0.0,0,7:17 AM,4:57 PM,Clear
2015-12-20,Sun,51,30,0.0,38,7:18 AM,4:58 PM,Overcast
2015-12-21,Mon,58,39,0.0,99,7:18 AM,4:58 PM,Overcast
2015-12-22,Tue,67,54,0.5,100,7:19 AM,4:59 PM,Rain
2015-12-23,Wed,71,61,0.85,100,7:19 AM,4:59 PM,Rain
2015-12-24,Thu,76,68,0.12,100,7:20 AM,5:00 PM,Light rain
2015-12-25,Fri,74,67,0.06,88,7:20 AM,5:00 PM,Light drizzle
2015-12-26,Sat,67,62,0.0,89,7:20 AM,5:01 PM,Light drizzle
2015-12-27,Sun,74,63,0.0,75,7:21 AM,5:02 PM,Overcast
2015-12-28,Mon,66,52,0.09,100,7:21 AM,5:02 PM,Drizzle
2015-12-29,Tue,74,54,0.28,91,7:21 AM,5:03 PM,Light rain
2015-12-30,Wed,67,62,1.28,97,7:21 AM,5:04 PM,Rain
2015-12-31,Thu,68,56,0.35,100,7:22 AM,5:04 PM,Heavy drizzle
